<?xml version="1.0" encoding="UTF-8"?>
<project-private xmlns="http://www.netbeans.org/ns/project-private/1">
    <editor-bookmarks xmlns="http://www.netbeans.org/ns/editor-bookmarks/2" lastBookmarkId="0"/>
    <open-files xmlns="http://www.netbeans.org/ns/projectui-open-files/2">
        <group name="Chapter 2 Exercises">
            <file>file:/C:/Users/Phillip/OneDrive%20-%20Grand%20Canyon%20University/Documents/School/CST-135/VendingMachine/src/Dispenser.java</file>
            <file>file:/C:/Users/Phillip/OneDrive%20-%20Grand%20Canyon%20University/Documents/School/CST-135/VendingMachine/src/Chips.java</file>
            <file>file:/C:/Users/Phillip/OneDrive%20-%20Grand%20Canyon%20University/Documents/School/CST-135/VendingMachine/src/Test.java</file>
            <file>file:/C:/Users/Phillip/OneDrive%20-%20Grand%20Canyon%20University/Documents/School/CST-135/VendingMachine/src/Drink.java</file>
            <file>file:/C:/Users/Phillip/OneDrive%20-%20Grand%20Canyon%20University/Documents/School/CST-135/VendingMachine/src/Product.java</file>
            <file>file:/C:/Users/Phillip/OneDrive%20-%20Grand%20Canyon%20University/Documents/School/CST-135/VendingMachine/src/Candy.java</file>
            <file>file:/C:/Users/Phillip/OneDrive%20-%20Grand%20Canyon%20University/Documents/School/CST-135/VendingMachine/src/Gum.java</file>
            <file>file:/C:/Users/Phillip/OneDrive%20-%20Grand%20Canyon%20University/Documents/School/CST-135/VendingMachine/src/Snack.java</file>
        </group>
    </open-files>
</project-private>
